"supplier_id","payment_method","discount","company_name","contact_fname","contact_lname","email","phone","country","state","city","street","dno","postal"
44901148,"Cash","8.0","Diam Duis Corp.","Elli","Mclaird","emclaird@mclaird.com","8053062934","Oneida","NY","Utica","Sunrise Ave","6",13501
38887166,"Online Payment","9.0","Diam PC","Alline","Jeanty","ajeanty@gmail.com","8420847908","St Joseph","IN","South Bend","Lake City Hwy","55713",46601
33351253,"Card","24.0","Aliquet Phasellus Fermentum Limited","Sharika","Eanes","sharika.eanes@aol.com","8232706297","Orange","FL","Orlando","N Fiesta Blvd","75698",32806
66349389,"Cheque","19.0","Sollicitudin Consulting","Nu","Mcnease","nu@gmail.com","8345612831","Hudson","NJ","Harrison","Sw 28th Ter","88",7029
79324998,"Card","2.0","Vitae Diam Proin Industries","Daniela","Comnick","dcomnick@cox.net","9110541455","Mercer","NJ","Trenton","Flowers Rd","7",8611
33749475,"Cheque","13.0","Sem Eget Company","Cecilia","Colaizzo","cecilia_colaizzo@colaizzo.com","8179598555","Dane","WI","Madison","Nw 12th St","4",53717
44735549,"Online Payment","20.0","Et Magnis Dis PC","Leslie","Threets","leslie@cox.net","8629319485","Westchester","NY","Katonah","A Kelley Dr","2",10536
39581701,"Cash","1.0","Lorem Ipsum Dolor Consulting","Nan","Koppinger","nan@koppinger.com","7575898758","Guilford","NC","Greensboro","Frankford Ave","88827",27401
76061190,"Cheque","19.0","Risus Varius Orci Industries","Izetta","Dewar","idewar@dewar.com","8918475739","Baltimore City","MD","Baltimore","W Scyene Rd ","2",21217
45469063,"Card","25.0","Enim Gravida Sit Ltd","Tegan","Arceo","tegan.arceo@arceo.org","8034487724","Middlesex","NJ","Monroe Township","62260 Park Stre","62260",8831
80667992,"Card","8.0","Sed Id Corp.","Ruthann","Keener","ruthann@hotmail.com","8324621341","Kerr","TX","Kerrville","29th St Se","3424",78028
81778173,"Online Payment","25.0","Mauris Magna Duis Inc.","Joni","Breland","joni_breland@cox.net","8614742193","Cook","IL","Elk Grove Village"," E Main St ","35",60007
37467385,"Card","23.0","Nec Ante Blandit LLP","Vi","Rentfro","vrentfro@cox.net","8336391631","Monmouth","NJ","Freehold","W Clark Rd","7163",7728
69083805,"Card","9.0","Orci Donec Nibh Corp.","Colette","Kardas","colette.kardas@yahoo.com","8620471625","Douglas","NE","Omaha","S Apple Creek Rd","21575",68124
80800227,"Online Payment","3.0","Ante Dictum Corporation","Malcolm","Tromblay","malcolm_tromblay@cox.net","7752050118","Fairfax","VA","Annandale","Leonis Blvd","747",22003
42278378,"Card","16.0","Risus Varius Orci Industries","Ryan","Harnos","ryan@cox.net","9409698034","Collin","TX","Plano","Gunnison St","13",75075
86408015,"Cheque","17.0","Vehicula Limited","Jess","Chaffins","jess.chaffins@chaffins.org","8560292833","New York","NY","New York","3rd Ave","18",10016
78619192,"Cash","12.0","Suspendisse Tristique Neque LLP","Sharen","Bourbon","sbourbon@yahoo.com","9799598868","Nassau","NY","Syosset","W Austin St","62",11791
65719573,"Card","8.0","Diam PC","Nickolas","Juvera","nickolas_juvera@cox.net","7645296465","Citrus","FL","Crystal River","S Rider Trl","177",34429
67239510,"Card","17.0","Nisi Sem Semper LLP","Gary","Nunlee","gary_nunlee@nunlee.org","8360154810","Hancock","IN","Fortville","W Mount Royal Ave","2",46040
57430995,"Online Payment","12.0","Cras Associates","Diane","Devreese","diane@cox.net","9438508948","Buchanan","MO","Saint Joseph","Telegraph Rd","1953",64504
74398126,"Online Payment","7.0","Non Leo Vivamus LLC","Roslyn","Chavous","roslyn.chavous@chavous.org","7638030389","Hinds","MS","Jackson","Dupont St","63517",39211
72977195,"Online Payment","13.0","Nec Ante Blandit LLP","Glory","Schieler","glory@yahoo.com","9545945875","Taylor","TX","Abilene","E Truman Rd","5",79602
93587023,"Online Payment","15.0","Nec Ante Blandit LLP","Rasheeda","Sayaphon","rasheeda@aol.com","8982917813","Santa Clara","CA","Saratoga","Park Ave ","251",95070
53607997,"Card","24.0","Orci In Limited","Alpha","Palaia","alpha@yahoo.com","8807940152","Camden","NJ","Cherry Hill","Commercial Dr","43496",8003
32599912,"Cheque","5.0","Rhoncus Donec Est Industries","Refugia","Jacobos","refugia.jacobos@jacobos.com","9115195774","Alameda","CA","Hayward","Worth St","2184",94545
62445456,"Cash","23.0","Consectetuer Cursus Et Company","Shawnda","Yori","shawnda.yori@yahoo.com","7956777703","Seminole","FL","Longwood","N Plankinton Ave","50126",32750
87129121,"Cash","9.0","Facilisis Non Limited","Mona","Delasancha","mdelasancha@hotmail.com","7871034482","Laramie","WY","Cheyenne","Gravois Ave","38773",82001
38431823,"Cheque","15.0","Facilisis Non Limited","Gilma","Liukko","gilma_liukko@gmail.com","9237797015","Nassau","NY","Garden City","Greenwich St","16452",11530
45717158,"Card","6.0","Vitae Diam Proin Industries","Janey","Gabisi","jgabisi@hotmail.com","7976500663","Dane","WI","Madison","Cambridge Ave","40",53715
90500846,"Cash","11.0","Lorem Ipsum Dolor Consulting","Lili","Paskin","lili.paskin@cox.net","9243086568","Hudson","NJ","Kearny","4th Ave E","20113",7032
68239278,"Card","2.0","Proin LLP","Loren","Asar","loren.asar@aol.com","9181718672","Lackawanna","PA","Old Forge","Ridgewood Center Dr","6",18518
58203921,"Cheque","18.0","Leo Corporation","Dorothy","Chesterfield","dorothy@cox.net","8483231318","San Diego","CA","San Diego","Outwater Ln","469",92126
38893901,"Cheque","4.0","Vel Foundation","Gail","Similton","gail_similton@similton.com","9600385885","Riverside","CA","Thousand Palms","Monroe St","62",92276
93649568,"Cheque","10.0","Orci In Limited","Catalina","Tillotson","catalina@hotmail.com","9814185719","Atlantic","NJ","Margate City","A Lockport Pl","3338",8402
32266796,"Cheque","1.0","Sit Amet Luctus Company","Lawrence","Lorens","lawrence.lorens@hotmail.com","8742401034","Providence","RI","Providence","Hwy","9",2906
78802956,"Cheque","24.0","Ut Dolor Dapibus Consulting","Carlee","Boulter","carlee.boulter@hotmail.com","8085306355","Dickinson","KS","Abilene","Hart St","8284",67410
33250771,"Cash","21.0","Vel Foundation","Thaddeus","Ankeny","tankeny@ankeny.org","8462198787","Placer","CA","Roseville","Washington St","5",95678
84082901,"Online Payment","3.0","Fusce Aliquet Consulting","Jovita","Oles","joles@gmail.com","8157480732","Volusia","FL","Daytona Beach","S Haven St","8",32114
